{
  "IcoMoonType": "selection",
  "icons": [
    {
      "icon": {
        "paths": [
          "M46.687 244.018l-46.687 779.982h1024l-46.688-779.982h-930.625zM122.197 326.032h779.643l36.864 615.952h-853.409l36.864-615.952h0.038z",
          "M690.934 249.244c0-92.623-73.274-167.969-163.347-167.969s-163.347 75.346-163.347 167.969h-79.037c0-137.433 108.733-249.244 242.384-249.244s242.384 111.811 242.384 249.244h-79.037z"
        ],
        "attrs": [
          {},
          {}
        ],
        "isMulticolor": false,
        "isMulticolor2": false,
        "grid": 16,
        "tags": [
          "bag-icon"
        ]
      },
      "attrs": [
        {},
        {}
      ],
      "properties": {
        "order": 33,
        "id": 4,
        "name": "bag-icon",
        "prevSize": 32
      },
      "setIdx": 0,
      "setId": 9,
      "iconIdx": 0
    },
    {
      "icon": {
        "paths": [
          "M604.077 646.579l351.68 377.421 68.24-51.574-351.677-377.418-68.243 51.571z",
          "M405.757 89.542c-168.915 0-306.302 130.355-306.302 290.599s137.387 290.598 306.302 290.598c168.915 0 306.304-130.355 306.304-290.598s-137.389-290.599-306.304-290.599zM405.757 760.362c-223.762 0-405.757-170.547-405.757-380.179s182.040-380.182 405.757-380.182c223.763 0 405.802 170.55 405.802 380.182s-182.038 380.179-405.802 380.179z"
        ],
        "attrs": [
          {},
          {}
        ],
        "isMulticolor": false,
        "isMulticolor2": false,
        "grid": 16,
        "tags": [
          "search-icon"
        ]
      },
      "attrs": [
        {},
        {}
      ],
      "properties": {
        "order": 34,
        "id": 3,
        "name": "search-icon",
        "prevSize": 32
      },
      "setIdx": 0,
      "setId": 9,
      "iconIdx": 1
    },
    {
      "icon": {
        "paths": [
          "M1152.076 0l-512.301 682.701-511.775-681.984-128 170.598 639.849 852.685 640.151-853.299-127.924-170.701z"
        ],
        "attrs": [
          {}
        ],
        "width": 1280,
        "isMulticolor": false,
        "isMulticolor2": false,
        "grid": 16,
        "tags": [
          "shop-icon"
        ]
      },
      "attrs": [
        {}
      ],
      "properties": {
        "order": 35,
        "id": 2,
        "name": "shop-icon",
        "prevSize": 32
      },
      "setIdx": 0,
      "setId": 9,
      "iconIdx": 2
    },
    {
      "icon": {
        "paths": [
          "M512 77.128c-100.272 0-181.84 84.828-181.84 189.112s81.606 189.152 181.84 189.152c100.234 0 181.84-84.826 181.84-189.152 0-104.284-81.606-189.112-181.84-189.112zM512 532.48c-141.155 0-256-119.44-256-266.24s114.845-266.24 256-266.24c141.155 0 256 119.439 256 266.24s-114.845 266.24-256 266.24z",
          "M1024 1024h-78.768v-58.531c-0.080-11.059-4.608-273.082-275.693-273.082h-315.078c-268.287 0-275.495 262.512-275.692 273.654v57.917h-78.769v-58.531c1.93-121.814 78.454-351.069 354.461-351.069h315.078c280.378 0 354.461 229.664 354.461 351.069v58.573z"
        ],
        "attrs": [
          {},
          {}
        ],
        "isMulticolor": false,
        "isMulticolor2": false,
        "grid": 16,
        "tags": [
          "user-icon"
        ]
      },
      "attrs": [
        {},
        {}
      ],
      "properties": {
        "order": 36,
        "id": 1,
        "name": "user-icon",
        "prevSize": 32
      },
      "setIdx": 0,
      "setId": 9,
      "iconIdx": 3
    }
  ],
  "height": 1024,
  "preferences": {
    "showGlyphs": true,
    "showQuickUse": true,
    "showQuickUse2": true,
    "showSVGs": true,
    "fontPref": {
      "prefix": "icon-",
      "metadata": {
        "fontFamily": "icomoon"
      },
      "metrics": {
        "emSize": 1024,
        "baseline": 6.25,
        "whitespace": 50
      },
      "embed": false
    },
    "imagePref": {
      "prefix": "icon-",
      "png": true,
      "useClassSelector": true,
      "color": 0,
      "bgColor": 16777215,
      "classSelector": ".icon",
      "name": "icomoon"
    },
    "historySize": 50,
    "showCodes": true,
    "gridSize": 16
  }
}